{
  "urls": [
    "output.ogg",
    "output.m4a",
    "output.mp3",
    "output.ac3"
  ],
  "sprite": {
    "button": [
      0,
      1008.9795918367348
    ],
    "joined": [
      3000,
      1019.8412698412698
    ],
    "lose": [
      6000,
      1202.698412698412
    ],
    "miss": [
      9000,
      500
    ],
    "net": [
      11000,
      500
    ],
    "point": [
      13000,
      792.0181405895689
    ],
    "racket01": [
      15000,
      504.9659863945575
    ],
    "racket02": [
      17000,
      504.96598639455925
    ],
    "racket03": [
      19000,
      504.96598639455925
    ],
    "table01": [
      21000,
      523.5147392290252
    ],
    "table02": [
      23000,
      523.5147392290252
    ],
    "table03": [
      25000,
      523.5147392290252
    ],
    "touch": [
      27000,
      523.5147392290252
    ],
    "transition": [
      29000,
      1019.8412698412689
    ],
    "type": [
      32000,
      27.188208616777843
    ],
    "win": [
      34000,
      1202.6984126984103
    ]
  }
}